index,product,quantity,price
0,Mouse,-53,500
0,Mouse,-48,500
0,Mouse,-47,500
0,Mouse,-43,500
0,Mouse,-42,500
0,Mouse,-39,500
0,Mouse,-37,500
0,Mouse,-35,500
0,Mouse,-32,500
0,Mouse,-31,500
0,Mouse,-30,500
0,Mouse,-29,500
0,Mouse,-27,500
0,Mouse,-26,500
0,Mouse,-27,500
0,Mouse,-28,500
0,Mouse,-28,500
0,Mouse,-30,500
0,Mouse,-29,500
0,Mouse,-29,500
0,Mouse,-28,500
0,Mouse,-26,500
0,Mouse,-26,500
0,Mouse,-30,500
0,Mouse,-27,500
0,Mouse,-30,500
0,Mouse,-29,500
0,Mouse,-29,500
0,Mouse,-25,500
0,Mouse,-27,500
0,Mouse,-27,500
0,Mouse,-27,500
0,Mouse,-23,500
0,Mouse,-22,500
0,Mouse,-25,500
0,Mouse,-24,500
0,Mouse,-22,500
0,Mouse,-27,500
0,Mouse,-26,500
0,Mouse,-23,500
0,Mouse,-22,500
0,Mouse,-23,500
0,Mouse,-22,500
0,Mouse,-20,500
0,Mouse,-17,500
0,Mouse,-13,500
0,Mouse,-8,500
0,Mouse,-22,500
0,Mouse,-21,500
0,Mouse,-19,500
0,Mouse,-21,500
0,Mouse,-21,500
0,Mouse,-21,500
0,Mouse,-23,500
0,Mouse,-23,500
0,Mouse,-23,500
0,Mouse,-20,500
0,Mouse,-20,500
0,Mouse,-20,500
0,Mouse,-21,500
0,Mouse,-20,500
0,Mouse,-19,500
0,Mouse,-18,500
0,Mouse,-17,500
0,Mouse,-16,500
0,Mouse,-15,500
0,Mouse,-22,500
0,Mouse,-21,500
0,Mouse,-20,500
0,Mouse,-20,500
0,Mouse,-19,500
0,Mouse,-18,500
0,Mouse,-18,500
0,Mouse,-17,500
0,Mouse,-16,500
0,Mouse,-15,500
0,Mouse,-14,500
0,Mouse,-13,500
0,Mouse,-12,500
0,Mouse,-11,500
0,Mouse,-10,500
0,Mouse,-9,500
0,Mouse,-8,500
0,Mouse,-7,500
0,Mouse,-6,500
0,Mouse,-5,500
0,Mouse,-10,500
0,Mouse,-9,500
0,Mouse,-8,500
0,Mouse,-7,500
0,Mouse,-9,500
0,Mouse,-8,500
0,Mouse,-7,500
0,Mouse,-5,500
0,Mouse,-4,500
0,Mouse,-3,500
0,Mouse,-2,500
0,Mouse,-1,500
0,Mouse,0,500
0,Mouse,1,500
0,Mouse,2,500
0,Mouse,3,500
0,Mouse,-4,500
0,Mouse,-3,500
0,Mouse,-2,500
0,Mouse,0,500
0,Mouse,1,500
0,Mouse,2,500
5,popcorn,1,100
5,popcorn,2,100
5,popcorn,3,100
5,popcorn,4,100
5,popcorn,5,100
5,popcorn,6,100
0,Mouse,-1,500
0,Mouse,0,500
0,Mouse,1,500
0,Mouse,2,500
0,Mouse,5,500
0,Mouse,4,500
0,Mouse,43,500
0,Mouse,4,500
0,Mouse,2,500
0,Mouse,1,500
0,Mouse,2,500
0,Mouse,3,500
3,mani,-13,40
3,mani,-12,40
3,mani,7,40
3,mani,-12,40
3,mani,-10,40
3,mani,-12,40
3,mani,7,40
3,mani,8,40
3,mani,9,40
